line_no,db_id,question,gold_sql,pred_sql,em,agg_match,sel_match,cond_match,fail_reason,fail_category,gold_struct,pred_struct
1,1-10015132-11,What position does the player who played for butler cc (ks) play?,SELECT col3 FROM table WHERE col5 = 'Butler CC (KS)',SELECT position FROM wikisql_data WHERE school_club_team = 'butler cc (ks)',True,True,True,True,ok,ok,"{""agg"": 0, ""sel"": 3, ""conds"": [[5, 0, ""butler cc (ks)""]], ""count_star"": false}","{""agg"": 0, ""sel"": 3, ""conds"": [[5, 0, ""butler cc (ks)""]], ""count_star"": false}"
2,1-10015132-11,How many schools did player number 3 play at?,SELECT COUNT(col5) FROM table WHERE col1 = '3',SELECT COUNT(DISTINCT school_club_team) FROM wikisql_data WHERE no_col = 3,True,True,True,True,ok,ok,"{""agg"": 3, ""sel"": 5, ""conds"": [[1, 0, 3]], ""count_star"": false}","{""agg"": 3, ""sel"": 5, ""conds"": [[1, 0, 3]], ""count_star"": false}"
3,1-10015132-11,What school did player number 21 play for?,SELECT col5 FROM table WHERE col1 = '21',SELECT school_club_team FROM wikisql_data WHERE no_col = 21,True,True,True,True,ok,ok,"{""agg"": 0, ""sel"": 5, ""conds"": [[1, 0, 21]], ""count_star"": false}","{""agg"": 0, ""sel"": 5, ""conds"": [[1, 0, 21]], ""count_star"": false}"
4,1-10015132-11,Who is the player that wears number 42?,SELECT col0 FROM table WHERE col1 = '42',SELECT player FROM wikisql_data WHERE no_col = 42,True,True,True,True,ok,ok,"{""agg"": 0, ""sel"": 0, ""conds"": [[1, 0, 42]], ""count_star"": false}","{""agg"": 0, ""sel"": 0, ""conds"": [[1, 0, 42]], ""count_star"": false}"
5,1-10015132-11,What player played guard for toronto in 1996-97?,SELECT col0 FROM table WHERE col3 = 'Guard' AND col4 = '1996-97',SELECT player FROM wikisql_data WHERE position = 'guard' AND years_in_toronto = '1996-97',False,True,True,False,"cond(gold=[[3, 0, 'guard']] pred=[[3, 0, 'guard'], [4, 0, '1996-97']])",cond_only,"{""agg"": 0, ""sel"": 0, ""conds"": [[3, 0, ""guard""]], ""count_star"": false}","{""agg"": 0, ""sel"": 0, ""conds"": [[3, 0, ""guard""], [4, 0, ""1996-97""]], ""count_star"": false}"
6,1-10015132-9,Who are all of the players on the Westchester High School club team?,SELECT col0 FROM table WHERE col5 = 'Westchester High School',SELECT player FROM wikisql_data WHERE school_club_team = 'westchester high school',True,True,True,True,ok,ok,"{""agg"": 0, ""sel"": 0, ""conds"": [[5, 0, ""westchester high school""]], ""count_star"": false}","{""agg"": 0, ""sel"": 0, ""conds"": [[5, 0, ""westchester high school""]], ""count_star"": false}"
7,1-10015132-9,What school/club team is Amir Johnson on?,SELECT col5 FROM table WHERE col0 = 'Amir Johnson',SELECT school_club_team FROM wikisql_data WHERE player = 'amir johnson',True,True,True,True,ok,ok,"{""agg"": 0, ""sel"": 5, ""conds"": [[0, 0, ""amir johnson""]], ""count_star"": false}","{""agg"": 0, ""sel"": 5, ""conds"": [[0, 0, ""amir johnson""]], ""count_star"": false}"
8,1-10015132-9,What are the total amount of numbers on the Toronto team in 2005-06?,SELECT COUNT(col1) FROM table WHERE col4 = '2005-06',SELECT COUNT(*) FROM wikisql_data WHERE years_in_toronto = '2005-06',True,True,True,True,ok,ok,"{""agg"": 3, ""sel"": 1, ""conds"": [[4, 0, ""2005-06""]], ""count_star"": false}","{""agg"": 3, ""sel"": -999, ""conds"": [[4, 0, ""2005-06""]], ""count_star"": true}"
9,1-10015132-9,What are the total number of positions on the Toronto team in 2006-07?,SELECT COUNT(col3) FROM table WHERE col4 = '2006-07',SELECT COUNT(position) FROM wikisql_data WHERE years_in_toronto = '2006-07',True,True,True,True,ok,ok,"{""agg"": 3, ""sel"": 3, ""conds"": [[4, 0, ""2006-07""]], ""count_star"": false}","{""agg"": 3, ""sel"": 3, ""conds"": [[4, 0, ""2006-07""]], ""count_star"": false}"
10,1-10015132-9,What are the nationality of the players on the Fresno State school/club team?,SELECT col2 FROM table WHERE col5 = 'Fresno State',SELECT nationality FROM wikisql_data WHERE school_club_team = 'fresno state',True,True,True,True,ok,ok,"{""agg"": 0, ""sel"": 2, ""conds"": [[5, 0, ""fresno state""]], ""count_star"": false}","{""agg"": 0, ""sel"": 2, ""conds"": [[5, 0, ""fresno state""]], ""count_star"": false}"
11,1-10015132-9,What school/club team is Trey Johnson on?,SELECT col5 FROM table WHERE col0 = 'Trey Johnson',SELECT school_club_team FROM wikisql_data WHERE player = 'trey johnson',True,True,True,True,ok,ok,"{""agg"": 0, ""sel"": 5, ""conds"": [[0, 0, ""trey johnson""]], ""count_star"": false}","{""agg"": 0, ""sel"": 5, ""conds"": [[0, 0, ""trey johnson""]], ""count_star"": false}"
12,1-10026563-1,When did Jacques Chirac stop being a G8 leader?,SELECT col2 FROM table WHERE col3 = 'Jacques Chirac',SELECT ended_time_as_senior_g8_leader FROM wikisql_data WHERE person = 'jacques chirac',True,True,True,True,ok,ok,"{""agg"": 0, ""sel"": 2, ""conds"": [[3, 0, ""jacques chirac""]], ""count_star"": false}","{""agg"": 0, ""sel"": 2, ""conds"": [[3, 0, ""jacques chirac""]], ""count_star"": false}"
13,1-10026563-1,When did the Prime Minister of Italy take office?,SELECT col0 FROM table WHERE col4 = 'Prime Minister of Italy',SELECT began_time_as_senior_g8_leader FROM wikisql_data WHERE office = 'prime minister of italy',False,True,False,True,sel(gold=0=Entered office as Head of State or Government pred=1=Began time as senior G8 leader),sel_only,"{""agg"": 0, ""sel"": 0, ""conds"": [[4, 0, ""prime minister of italy""]], ""count_star"": false}","{""agg"": 0, ""sel"": 1, ""conds"": [[4, 0, ""prime minister of italy""]], ""count_star"": false}"
14,1-1008653-1,What is the English name of the country whose official native language is Dutch Papiamento?,SELECT col0 FROM table WHERE col4 = 'Dutch Papiamento',SELECT country_endonym FROM wikisql_data WHERE official_or_native_language_s_alphabet_script = 'dutch papiamento',False,True,False,True,sel(gold=0=Country ( exonym ) pred=2=Country ( endonym )),sel_only,"{""agg"": 0, ""sel"": 0, ""conds"": [[4, 0, ""dutch papiamento""]], ""count_star"": false}","{""agg"": 0, ""sel"": 2, ""conds"": [[4, 0, ""dutch papiamento""]], ""count_star"": false}"
15,1-1008653-1,What official or native languages are spoken in the country whose capital city is Canberra?,SELECT col4 FROM table WHERE col1 = 'Canberra',SELECT official_or_native_language_s_alphabet_script FROM wikisql_data WHERE capital_endonym = 'canberra',True,True,True,True,ok,ok,"{""agg"": 0, ""sel"": 4, ""conds"": [[1, 0, ""canberra""]], ""count_star"": false}","{""agg"": 0, ""sel"": 4, ""conds"": [[3, 0, ""canberra""]], ""count_star"": false}"
16,1-1008653-1,What is the local name given to the city of Canberra?,SELECT col3 FROM table WHERE col1 = 'Canberra',SELECT capital_endonym FROM wikisql_data WHERE capital_exonym = 'canberra',True,True,True,True,ok,ok,"{""agg"": 0, ""sel"": 3, ""conds"": [[1, 0, ""canberra""]], ""count_star"": false}","{""agg"": 0, ""sel"": 3, ""conds"": [[1, 0, ""canberra""]], ""count_star"": false}"
17,1-1008653-1,What is the local name given to the capital of Anguilla?,SELECT col3 FROM table WHERE col2 = 'Anguilla',SELECT capital_endonym FROM wikisql_data WHERE country_endonym = 'anguilla',True,True,True,True,ok,ok,"{""agg"": 0, ""sel"": 3, ""conds"": [[2, 0, ""anguilla""]], ""count_star"": false}","{""agg"": 0, ""sel"": 3, ""conds"": [[2, 0, ""anguilla""]], ""count_star"": false}"
18,1-1008653-1,What is the English name given to the city of St. John's?,SELECT col1 FROM table WHERE col3 = 'St. John's',SELECT capital_exonym FROM wikisql_data WHERE capital_endonym = 'st. john''s',True,True,True,True,ok,ok,"{""agg"": 0, ""sel"": 1, ""conds"": [[3, 0, ""st. john""]], ""count_star"": false}","{""agg"": 0, ""sel"": 1, ""conds"": [[3, 0, ""st. john""]], ""count_star"": false}"
19,1-1008653-1,How many capital cities does Australia have?,SELECT COUNT(col3) FROM table WHERE col2 = 'Australia',SELECT COUNT(*) FROM wikisql_data WHERE country_endonym = 'australia',True,True,True,True,ok,ok,"{""agg"": 3, ""sel"": 3, ""conds"": [[2, 0, ""australia""]], ""count_star"": false}","{""agg"": 3, ""sel"": -999, ""conds"": [[2, 0, ""australia""]], ""count_star"": true}"
20,1-10088101-1,The episode with production code 9abx02 was originally aired on what date?,SELECT col5 FROM table WHERE col6 = '9ABX02',SELECT original_air_date FROM wikisql_data WHERE production_code = '9ABX02',True,True,True,True,ok,ok,"{""agg"": 0, ""sel"": 5, ""conds"": [[6, 0, ""9abx02""]], ""count_star"": false}","{""agg"": 0, ""sel"": 5, ""conds"": [[6, 0, ""9abx02""]], ""count_star"": false}"
21,1-10088101-1,What is the episode number that has production code 8abx15?,SELECT MIN(col1) FROM table WHERE col6 = '8ABX15',SELECT no_in_series FROM wikisql_data WHERE production_code = '8ABX15',False,False,True,True,agg(gold=MIN pred=NONE),agg_only,"{""agg"": 2, ""sel"": 1, ""conds"": [[6, 0, ""8abx15""]], ""count_star"": false}","{""agg"": 0, ""sel"": 1, ""conds"": [[6, 0, ""8abx15""]], ""count_star"": false}"
22,1-10295819-2,Name the minimum tiesplayed for 6 years,SELECT MIN(col5) FROM table WHERE col4 = 6,SELECT MIN(ties_played) FROM wikisql_data WHERE years_played = 6,True,True,True,True,ok,ok,"{""agg"": 2, ""sel"": 5, ""conds"": [[4, 0, 6]], ""count_star"": false}","{""agg"": 2, ""sel"": 5, ""conds"": [[4, 0, 6]], ""count_star"": false}"
23,1-10342194-3,"What is the amount of trees, that require replacement when prevailing types, % is pine — 29.37 poplar — 26.12 acer negundo — 13.2?",SELECT col4 FROM table WHERE col2 = 'Pine — 29.37 Poplar — 26.12 Acer negundo — 13.2',SELECT amount_of_trees_that_require_replacement FROM wikisql_data WHERE prevailing_types = 'pine — 29.37 poplar — 26.12 acer negundo — 13.2',True,True,True,True,ok,ok,"{""agg"": 0, ""sel"": 4, ""conds"": [[2, 0, ""pine \u2014 29.37 poplar \u2014 26.12 acer negundo \u2014 13.2""]], ""count_star"": false}","{""agg"": 0, ""sel"": 4, ""conds"": [[2, 0, ""pine \u2014 29.37 poplar \u2014 26.12 acer negundo \u2014 13.2""]], ""count_star"": false}"
24,1-10342194-3,"What is the amount of trees, that require replacement when district is leninsky?",SELECT col4 FROM table WHERE col0 = 'Leninsky',SELECT amount_of_trees_that_require_replacement FROM wikisql_data WHERE district = 'leninsky',True,True,True,True,ok,ok,"{""agg"": 0, ""sel"": 4, ""conds"": [[0, 0, ""leninsky""]], ""count_star"": false}","{""agg"": 0, ""sel"": 4, ""conds"": [[0, 0, ""leninsky""]], ""count_star"": false}"
25,1-10342194-3,"What is the district when the total amount of trees is smaller than 150817.6878461314 and amount of old trees is 1,928 (1.89%)?","SELECT col0 FROM table WHERE col1 < 150817.6878461314 AND col3 = '1,928 (1.89%)'",SELECT district FROM wikisql_data WHERE total_amount_of_trees < 150817.6878461314 AND amount_of_old_trees = 1928,False,True,True,False,"cond(gold=[[1, 2, 150817.6878461314]] pred=[[1, 2, 150817.6878461314], [3, 0, 1928]])",cond_only,"{""agg"": 0, ""sel"": 0, ""conds"": [[1, 2, 150817.6878461314]], ""count_star"": false}","{""agg"": 0, ""sel"": 0, ""conds"": [[1, 2, 150817.6878461314], [3, 0, 1928]], ""count_star"": false}"
26,1-10342194-3,"What is the amount of trees, that require replacement when the district is motovilikhinsky?",SELECT col4 FROM table WHERE col0 = 'Motovilikhinsky',SELECT amount_of_trees_that_require_replacement FROM wikisql_data WHERE district = 'motovilikhinsky',True,True,True,True,ok,ok,"{""agg"": 0, ""sel"": 4, ""conds"": [[0, 0, ""motovilikhinsky""]], ""count_star"": false}","{""agg"": 0, ""sel"": 4, ""conds"": [[0, 0, ""motovilikhinsky""]], ""count_star"": false}"
27,1-10342194-3,What is the total amount of trees when district is leninsky?,SELECT MAX(col1) FROM table WHERE col0 = 'Leninsky',SELECT total_amount_of_trees FROM wikisql_data WHERE district = 'leninsky',False,False,True,True,agg(gold=MAX pred=NONE),agg_only,"{""agg"": 1, ""sel"": 1, ""conds"": [[0, 0, ""leninsky""]], ""count_star"": false}","{""agg"": 0, ""sel"": 1, ""conds"": [[0, 0, ""leninsky""]], ""count_star"": false}"
28,1-10342194-3,"What is the district when prevailing types, % is acer negundo — 30.22 tilia — 18.6 poplar — 15.23?",SELECT col0 FROM table WHERE col2 = 'Acer negundo — 30.22 Tilia — 18.6 Poplar — 15.23',SELECT district FROM wikisql_data WHERE prevailing_types = 'acer negundo — 30.22 tilia — 18.6 poplar — 15.23',True,True,True,True,ok,ok,"{""agg"": 0, ""sel"": 0, ""conds"": [[2, 0, ""acer negundo \u2014 30.22 tilia \u2014 18.6 poplar \u2014 15.23""]], ""count_star"": false}","{""agg"": 0, ""sel"": 0, ""conds"": [[2, 0, ""acer negundo \u2014 30.22 tilia \u2014 18.6 poplar \u2014 15.23""]], ""count_star"": false}"
29,1-10429820-13,"When the value of ""since beginning of big 12"" is synonymous with its' category, what are the in Ames values?",SELECT col2 FROM table WHERE col8 = 'Since Beginning of Big 12',SELECT in_ames FROM wikisql_data WHERE since_beginning_of_big_12 = overall_record,False,True,True,False,"cond(gold=[[8, 0, 'since beginning of big 12']] pred=[[8, 0, 'overall_record']])",cond_only,"{""agg"": 0, ""sel"": 2, ""conds"": [[8, 0, ""since beginning of big 12""]], ""count_star"": false}","{""agg"": 0, ""sel"": 2, ""conds"": [[8, 0, ""overall_record""]], ""count_star"": false}"
30,1-1046170-5,"what's the u.s. open cup status for regular season of 4th, atlantic division ","SELECT col5 FROM table WHERE col3 = '4th, Atlantic Division'",SELECT u_s_open_cup FROM wikisql_data WHERE regular_season = '4th' AND division = 'atlantic',False,True,True,False,"cond(gold=[[3, 0, '4th, atlantic division']] pred=[[3, 0, '4th']])",cond_only,"{""agg"": 0, ""sel"": 5, ""conds"": [[3, 0, ""4th, atlantic division""]], ""count_star"": false}","{""agg"": 0, ""sel"": 5, ""conds"": [[3, 0, ""4th""]], ""count_star"": false}"
31,1-1046170-5,how many division  did not qualify for u.s. open cup in 2003,SELECT col1 FROM table WHERE col5 = 'Did Not Qualify' AND col0 = 2003,SELECT COUNT(*) FROM wikisql_data WHERE year = 2003 AND u_s_open_cup = 'did not qualify',False,False,False,False,"agg(gold=NONE pred=COUNT) | sel(gold=1=Division pred=-999=COUNT(*)) | cond(gold=[[5, 0, 'did not qualify']] pred=[[0, 0, 2003], [5, 0, 'did not qualify']])",agg+sel+cond,"{""agg"": 0, ""sel"": 1, ""conds"": [[5, 0, ""did not qualify""]], ""count_star"": false}","{""agg"": 3, ""sel"": -999, ""conds"": [[0, 0, 2003], [5, 0, ""did not qualify""]], ""count_star"": true}"
32,1-1046170-5,which round is u.s. open cup division semifinals,SELECT col5 FROM table WHERE col4 = 'Division Semifinals',SELECT playoffs FROM wikisql_data WHERE u_s_open_cup = 'semifinals',False,True,False,True,sel(gold=5=U.S. Open Cup pred=4=Playoffs),sel_only,"{""agg"": 0, ""sel"": 5, ""conds"": [[4, 0, ""division semifinals""]], ""count_star"": false}","{""agg"": 0, ""sel"": 4, ""conds"": [[5, 0, ""semifinals""]], ""count_star"": false}"
33,1-1046170-5,"what are all the playoffs for regular season is 1st, atlantic division","SELECT col4 FROM table WHERE col3 = '1st, Atlantic Division'","SELECT playoffs FROM wikisql_data WHERE regular_season = '1st, atlantic'",True,True,True,True,ok,ok,"{""agg"": 0, ""sel"": 4, ""conds"": [[3, 0, ""1st, atlantic division""]], ""count_star"": false}","{""agg"": 0, ""sel"": 4, ""conds"": [[3, 0, ""1st, atlantic""]], ""count_star"": false}"
34,1-1046170-5,what are all the playoffs for u.s. open cup in 1st round,SELECT col4 FROM table WHERE col5 = '1st Round',SELECT playoffs FROM wikisql_data WHERE u_s_open_cup = '1st round',True,True,True,True,ok,ok,"{""agg"": 0, ""sel"": 4, ""conds"": [[5, 0, ""1st round""]], ""count_star"": false}","{""agg"": 0, ""sel"": 4, ""conds"": [[5, 0, ""1st round""]], ""count_star"": false}"
35,1-1061075-1,what is the total number of 2nd leg where aggregate is 7-2,SELECT COUNT(col5) FROM table WHERE col6 = '7-2',SELECT COUNT(*) FROM wikisql_data WHERE col_2nd_leg = '7-2' OR aggregate = '7-2',True,True,True,True,ok,ok,"{""agg"": 3, ""sel"": 5, ""conds"": [[6, 0, ""7-2""]], ""count_star"": false}","{""agg"": 3, ""sel"": -999, ""conds"": [[5, 0, ""7-2""]], ""count_star"": true}"
36,1-1061075-1, what's the aggregate where 1st leg is 3–2,SELECT col6 FROM table WHERE col4 = '3–2',SELECT aggregate FROM wikisql_data WHERE col_1st_leg = '3–2',True,True,True,True,ok,ok,"{""agg"": 0, ""sel"": 6, ""conds"": [[4, 0, ""3-2""]], ""count_star"": false}","{""agg"": 0, ""sel"": 6, ""conds"": [[4, 0, ""3-2""]], ""count_star"": false}"
37,1-1061075-1, what's the competition where aggregate is 4–7,SELECT col1 FROM table WHERE col6 = '4–7',SELECT competition FROM wikisql_data WHERE aggregate = '4–7',True,True,True,True,ok,ok,"{""agg"": 0, ""sel"": 1, ""conds"": [[6, 0, ""4-7""]], ""count_star"": false}","{""agg"": 0, ""sel"": 1, ""conds"": [[6, 0, ""4-7""]], ""count_star"": false}"
38,1-1061075-1, what's the competition where 1st leg is 4-1 (h),SELECT col1 FROM table WHERE col4 = '4-1 (h)',SELECT competition FROM wikisql_data WHERE col_1st_leg = '4-1 (h)',True,True,True,True,ok,ok,"{""agg"": 0, ""sel"": 1, ""conds"": [[4, 0, ""4-1 (h)""]], ""count_star"": false}","{""agg"": 0, ""sel"": 1, ""conds"": [[4, 0, ""4-1 (h)""]], ""count_star"": false}"
39,1-1061075-1,what is the total number of round where opponents is haugar,SELECT COUNT(col2) FROM table WHERE col3 = 'Haugar',SELECT COUNT(*) FROM wikisql_data WHERE opponents = 'haugar',True,True,True,True,ok,ok,"{""agg"": 3, ""sel"": 2, ""conds"": [[3, 0, ""haugar""]], ""count_star"": false}","{""agg"": 3, ""sel"": -999, ""conds"": [[3, 0, ""haugar""]], ""count_star"": true}"
40,1-1061075-1, what's the 1st leg where opponents is galatasaray,SELECT col4 FROM table WHERE col3 = 'Galatasaray',SELECT col_1st_leg FROM wikisql_data WHERE opponents = 'galatasaray',True,True,True,True,ok,ok,"{""agg"": 0, ""sel"": 4, ""conds"": [[3, 0, ""galatasaray""]], ""count_star"": false}","{""agg"": 0, ""sel"": 4, ""conds"": [[3, 0, ""galatasaray""]], ""count_star"": false}"
41,1-10706961-2,What is the highest Rd that Tom Sneva had the pole position in?,SELECT MAX(col0) FROM table WHERE col2 = 'Tom Sneva',SELECT max(rd) FROM wikisql_data WHERE pole_position = 'tom sneva',True,True,True,True,ok,ok,"{""agg"": 1, ""sel"": 0, ""conds"": [[2, 0, ""tom sneva""]], ""count_star"": false}","{""agg"": 1, ""sel"": 0, ""conds"": [[2, 0, ""tom sneva""]], ""count_star"": false}"
42,1-10706961-2,How many winning drivers were there in the race that had a fastest lap time of 56.920?,SELECT COUNT(col4) FROM table WHERE col3 = '56.920',SELECT COUNT(DISTINCT winning_driver) FROM wikisql_data WHERE fastest_lap = '56.920',True,True,True,True,ok,ok,"{""agg"": 3, ""sel"": 4, ""conds"": [[3, 0, 56.92]], ""count_star"": false}","{""agg"": 3, ""sel"": 4, ""conds"": [[3, 0, 56.92]], ""count_star"": false}"
43,1-10706961-2,How many reports are there in the race that Forsythe Racing won and Teo Fabi had the pole position in?,SELECT COUNT(col6) FROM table WHERE col5 = 'Forsythe Racing' AND col2 = 'Teo Fabi',SELECT COUNT(*) FROM wikisql_data WHERE winning_team = 'forsythe racing' AND pole_position = 'teo fabi',False,True,True,False,"cond(gold=[[5, 0, 'forsythe racing']] pred=[[5, 0, 'forsythe racing'], [2, 0, 'teo fabi']])",cond_only,"{""agg"": 3, ""sel"": 6, ""conds"": [[5, 0, ""forsythe racing""]], ""count_star"": false}","{""agg"": 3, ""sel"": -999, ""conds"": [[5, 0, ""forsythe racing""], [2, 0, ""teo fabi""]], ""count_star"": true}"
44,1-10706961-2,Which Rd took place at the Indianapolis 500?,SELECT col0 FROM table WHERE col1 = 'Indianapolis 500',SELECT rd FROM wikisql_data WHERE name = 'Indianapolis 500',True,True,True,True,ok,ok,"{""agg"": 0, ""sel"": 0, ""conds"": [[1, 0, ""indianapolis 500""]], ""count_star"": false}","{""agg"": 0, ""sel"": 0, ""conds"": [[1, 0, ""indianapolis 500""]], ""count_star"": false}"
45,1-10706961-2,Which teams won when Bobby Rahal was their winning driver?,SELECT col5 FROM table WHERE col4 = 'Bobby Rahal',SELECT winning_team FROM wikisql_data WHERE winning_driver = 'bobby rahal',True,True,True,True,ok,ok,"{""agg"": 0, ""sel"": 5, ""conds"": [[4, 0, ""bobby rahal""]], ""count_star"": false}","{""agg"": 0, ""sel"": 5, ""conds"": [[4, 0, ""bobby rahal""]], ""count_star"": false}"
46,1-10706961-2,What was the fastest lap time in the Escort Radar Warning 200?,SELECT col3 FROM table WHERE col1 = 'Escort Radar Warning 200',SELECT fastest_lap FROM wikisql_data WHERE name = 'escort radar warning 200',True,True,True,True,ok,ok,"{""agg"": 0, ""sel"": 3, ""conds"": [[1, 0, ""escort radar warning 200""]], ""count_star"": false}","{""agg"": 0, ""sel"": 3, ""conds"": [[1, 0, ""escort radar warning 200""]], ""count_star"": false}"
47,1-10707176-2,What report was there for the porsche north america?,SELECT col8 FROM table WHERE col7 = 'Porsche North America',SELECT report FROM wikisql_data WHERE winning_team = 'porsche north america',True,True,True,True,ok,ok,"{""agg"": 0, ""sel"": 8, ""conds"": [[7, 0, ""porsche north america""]], ""count_star"": false}","{""agg"": 0, ""sel"": 8, ""conds"": [[7, 0, ""porsche north america""]], ""count_star"": false}"
48,1-10707176-2,What rnds were there for the phoenix international raceway?,SELECT col0 FROM table WHERE col2 = 'Phoenix International Raceway',SELECT rnd FROM wikisql_data WHERE circuit = 'phoenix international raceway',True,True,True,True,ok,ok,"{""agg"": 0, ""sel"": 0, ""conds"": [[2, 0, ""phoenix international raceway""]], ""count_star"": false}","{""agg"": 0, ""sel"": 0, ""conds"": [[2, 0, ""phoenix international raceway""]], ""count_star"": false}"
49,1-10707176-2,Who was the pole position for the rnd equalling 12?,SELECT col5 FROM table WHERE col0 = '12',SELECT pole_position FROM wikisql_data WHERE rnd = 12,True,True,True,True,ok,ok,"{""agg"": 0, ""sel"": 5, ""conds"": [[0, 0, 12]], ""count_star"": false}","{""agg"": 0, ""sel"": 5, ""conds"": [[0, 0, 12]], ""count_star"": false}"
50,1-10707176-2,How many reports were the for the cleveland burke lakefront airport circut?,SELECT COUNT(col8) FROM table WHERE col2 = 'Cleveland Burke Lakefront Airport',SELECT COUNT(*) FROM wikisql_data WHERE circuit = 'cleveland burke lakefront airport',True,True,True,True,ok,ok,"{""agg"": 3, ""sel"": 8, ""conds"": [[2, 0, ""cleveland burke lakefront airport""]], ""count_star"": false}","{""agg"": 3, ""sel"": -999, ""conds"": [[2, 0, ""cleveland burke lakefront airport""]], ""count_star"": true}"
51,1-10707176-2,How many winning drivers were the for the rnd equalling 5?,SELECT COUNT(col6) FROM table WHERE col0 = '5',SELECT COUNT(winning_driver) FROM wikisql_data WHERE rnd = 5,True,True,True,True,ok,ok,"{""agg"": 3, ""sel"": 6, ""conds"": [[0, 0, 5]], ""count_star"": false}","{""agg"": 3, ""sel"": 6, ""conds"": [[0, 0, 5]], ""count_star"": false}"
52,1-10706879-3,The race tony bettenhausen 200 has what smallest rd?,SELECT MIN(col0) FROM table WHERE col1 = 'Tony Bettenhausen 200',SELECT min(rd) FROM wikisql_data WHERE winning_driver = 'tony bettenhausen 200',True,True,True,True,ok,ok,"{""agg"": 2, ""sel"": 0, ""conds"": [[1, 0, ""tony bettenhausen 200""]], ""count_star"": false}","{""agg"": 2, ""sel"": 0, ""conds"": [[4, 0, ""tony bettenhausen 200""]], ""count_star"": false}"
53,1-10706879-3,"The winning team of the race, los angeles times 500 is who?",SELECT col5 FROM table WHERE col1 = 'Los Angeles Times 500',SELECT winning_team FROM wikisql_data WHERE name = 'los angeles times 500',True,True,True,True,ok,ok,"{""agg"": 0, ""sel"": 5, ""conds"": [[1, 0, ""los angeles times 500""]], ""count_star"": false}","{""agg"": 0, ""sel"": 5, ""conds"": [[1, 0, ""los angeles times 500""]], ""count_star"": false}"
54,1-10706879-3,How many winning drivers in the kraco twin 125 (r2) race were there?,SELECT COUNT(col4) FROM table WHERE col1 = 'Kraco Twin 125 (R2)',SELECT COUNT(winning_driver) FROM wikisql_data WHERE name = 'kraco twin 125 (r2)',True,True,True,True,ok,ok,"{""agg"": 3, ""sel"": 4, ""conds"": [[1, 0, ""kraco twin 125 (r2)""]], ""count_star"": false}","{""agg"": 3, ""sel"": 4, ""conds"": [[1, 0, ""kraco twin 125 (r2)""]], ""count_star"": false}"
55,1-10706879-3,What are the races that johnny rutherford has won?,SELECT col1 FROM table WHERE col4 = 'Johnny Rutherford',SELECT rd FROM wikisql_data WHERE winning_driver = 'johnny rutherford',False,True,False,True,sel(gold=1=Name pred=0=Rd),sel_only,"{""agg"": 0, ""sel"": 1, ""conds"": [[4, 0, ""johnny rutherford""]], ""count_star"": false}","{""agg"": 0, ""sel"": 0, ""conds"": [[4, 0, ""johnny rutherford""]], ""count_star"": false}"
56,1-10706879-3,How many fastest laps were there for a rd that equals 10?,SELECT COUNT(col3) FROM table WHERE col0 = 10,SELECT COUNT(*) FROM wikisql_data WHERE rd = 10 AND fastest_lap IS NOT NULL,True,True,True,True,ok,ok,"{""agg"": 3, ""sel"": 3, ""conds"": [[0, 0, 10]], ""count_star"": false}","{""agg"": 3, ""sel"": -999, ""conds"": [[0, 0, 10]], ""count_star"": true}"
57,1-10712301-5,What is the license award date for North East England?,SELECT col2 FROM table WHERE col0 = 'North East England',SELECT licence_award_date FROM wikisql_data WHERE region = 'north east england',True,True,True,True,ok,ok,"{""agg"": 0, ""sel"": 2, ""conds"": [[0, 0, ""north east england""]], ""count_star"": false}","{""agg"": 0, ""sel"": 2, ""conds"": [[0, 0, ""north east england""]], ""count_star"": false}"
58,1-10733530-3,What is the percentage of growth in 2000-2008 in ethiopia?,SELECT col4 FROM table WHERE col0 = 'Ethiopia',SELECT growth_2000_2008 FROM wikisql_data WHERE nation = 'ethiopia',True,True,True,True,ok,ok,"{""agg"": 0, ""sel"": 4, ""conds"": [[0, 0, ""ethiopia""]], ""count_star"": false}","{""agg"": 0, ""sel"": 4, ""conds"": [[0, 0, ""ethiopia""]], ""count_star"": false}"
59,1-10733530-3,Name the total number of percentage growth 2000-2008 of uganda?,SELECT COUNT(col4) FROM table WHERE col0 = 'Uganda',SELECT growth_2000_2008 FROM wikisql_data WHERE nation = 'uganda',False,False,True,True,agg(gold=COUNT pred=NONE),agg_only,"{""agg"": 3, ""sel"": 4, ""conds"": [[0, 0, ""uganda""]], ""count_star"": false}","{""agg"": 0, ""sel"": 4, ""conds"": [[0, 0, ""uganda""]], ""count_star"": false}"
60,1-10733530-3,What is the maximum percentage grown 2000-2008 in burundi,SELECT MAX(col4) FROM table WHERE col0 = 'Burundi',SELECT max(growth_2000_2008) FROM wikisql_data WHERE nation = 'burundi',True,True,True,True,ok,ok,"{""agg"": 1, ""sel"": 4, ""conds"": [[0, 0, ""burundi""]], ""count_star"": false}","{""agg"": 1, ""sel"": 4, ""conds"": [[0, 0, ""burundi""]], ""count_star"": false}"
61,1-10798421-1,Provide me with the names of all the villages (German) that has 76.3% of Slovenes in 1951.,SELECT col0 FROM table WHERE col4 = '76.3%',SELECT village_german FROM wikisql_data WHERE percent_of_slovenes_1951 = 76.3,True,True,True,True,ok,ok,"{""agg"": 0, ""sel"": 0, ""conds"": [[4, 0, 76.3]], ""count_star"": false}","{""agg"": 0, ""sel"": 0, ""conds"": [[4, 0, 76.3]], ""count_star"": false}"
62,1-10798421-1,Give me the minimum number of people in 1991 with 92.5% of Slovenes in 1991.,SELECT MIN(col2) FROM table WHERE col3 = '92.5%',SELECT MIN(number_of_people_1991) FROM wikisql_data WHERE percent_of_slovenes_1991 = 92.5,True,True,True,True,ok,ok,"{""agg"": 2, ""sel"": 2, ""conds"": [[3, 0, 92.5]], ""count_star"": false}","{""agg"": 2, ""sel"": 2, ""conds"": [[3, 0, 92.5]], ""count_star"": false}"
63,1-10798421-1,Provide me with the name of all the village (German) that are part of the village (Slovenian) with sele srednji kot. ,SELECT col0 FROM table WHERE col1 = 'Sele Srednji Kot',SELECT village_german FROM wikisql_data WHERE village_slovenian = 'sele srednji kot',True,True,True,True,ok,ok,"{""agg"": 0, ""sel"": 0, ""conds"": [[1, 0, ""sele srednji kot""]], ""count_star"": false}","{""agg"": 0, ""sel"": 0, ""conds"": [[1, 0, ""sele srednji kot""]], ""count_star"": false}"
64,1-10798421-1,Provide me with the name of all the village (German) that are part of the village (Slovenian) with sele borovnica.,SELECT col0 FROM table WHERE col1 = 'Sele Borovnica',SELECT village_german FROM wikisql_data WHERE village_slovenian = 'sele borovnica',True,True,True,True,ok,ok,"{""agg"": 0, ""sel"": 0, ""conds"": [[1, 0, ""sele borovnica""]], ""count_star"": false}","{""agg"": 0, ""sel"": 0, ""conds"": [[1, 0, ""sele borovnica""]], ""count_star"": false}"
65,1-10798421-1,Provide me with the name of the village (German) where there is 96.9% Slovenes in 1951. ,SELECT col0 FROM table WHERE col4 = '96.9%',SELECT village_german FROM wikisql_data WHERE percent_of_slovenes_1951 = 96.9,True,True,True,True,ok,ok,"{""agg"": 0, ""sel"": 0, ""conds"": [[4, 0, 96.9]], ""count_star"": false}","{""agg"": 0, ""sel"": 0, ""conds"": [[4, 0, 96.9]], ""count_star"": false}"
66,1-10798421-1,Provide with the names of the village (German) that is part of village (Slovenian) with sele srednji kot.,SELECT col0 FROM table WHERE col1 = 'Sele Srednji Kot',SELECT village_german FROM wikisql_data WHERE village_slovenian = 'sele srednji kot',True,True,True,True,ok,ok,"{""agg"": 0, ""sel"": 0, ""conds"": [[1, 0, ""sele srednji kot""]], ""count_star"": false}","{""agg"": 0, ""sel"": 0, ""conds"": [[1, 0, ""sele srednji kot""]], ""count_star"": false}"
67,1-10812293-3,What was the score of the game on November 12?,SELECT col3 FROM table WHERE col1 = 'November 12',SELECT score FROM wikisql_data WHERE date = 'November 12',True,True,True,True,ok,ok,"{""agg"": 0, ""sel"": 3, ""conds"": [[1, 0, ""november 12""]], ""count_star"": false}","{""agg"": 0, ""sel"": 3, ""conds"": [[1, 0, ""november 12""]], ""count_star"": false}"
68,1-10812293-3,Who had high assists when they played against San Antonio?,SELECT col6 FROM table WHERE col2 = 'San Antonio',SELECT high_assists FROM wikisql_data WHERE team = 'San Antonio',True,True,True,True,ok,ok,"{""agg"": 0, ""sel"": 6, ""conds"": [[2, 0, ""san antonio""]], ""count_star"": false}","{""agg"": 0, ""sel"": 6, ""conds"": [[2, 0, ""san antonio""]], ""count_star"": false}"
69,1-10812293-3,Who scored the most points in game 4?,SELECT col4 FROM table WHERE col0 = 4,SELECT high_points FROM wikisql_data WHERE game = 4,True,True,True,True,ok,ok,"{""agg"": 0, ""sel"": 4, ""conds"": [[0, 0, 4]], ""count_star"": false}","{""agg"": 0, ""sel"": 4, ""conds"": [[0, 0, 4]], ""count_star"": false}"
70,1-10812293-3,Where was the game on November 20?,SELECT col7 FROM table WHERE col1 = 'November 20',SELECT location_attendance FROM wikisql_data WHERE date = 'November 20',True,True,True,True,ok,ok,"{""agg"": 0, ""sel"": 7, ""conds"": [[1, 0, ""november 20""]], ""count_star"": false}","{""agg"": 0, ""sel"": 7, ""conds"": [[1, 0, ""november 20""]], ""count_star"": false}"
71,1-10935205-1,The canadian airdate of 11 february 2008 applied to what series number?,SELECT COUNT(col1) FROM table WHERE col3 = '11 February 2008',SELECT no_in_series FROM wikisql_data WHERE canadian_airdate = '11 february 2008',False,False,True,True,agg(gold=COUNT pred=NONE),agg_only,"{""agg"": 3, ""sel"": 1, ""conds"": [[3, 0, ""11 february 2008""]], ""count_star"": false}","{""agg"": 0, ""sel"": 1, ""conds"": [[3, 0, ""11 february 2008""]], ""count_star"": false}"
72,1-10935205-1,The U.S. airdate of 4 april 2008 had a production code of what?,SELECT MAX(col5) FROM table WHERE col4 = '4 April 2008',SELECT production_code FROM wikisql_data WHERE us_airdate = '4 april 2008',False,False,True,True,agg(gold=MAX pred=NONE),agg_only,"{""agg"": 1, ""sel"": 5, ""conds"": [[4, 0, ""4 april 2008""]], ""count_star"": false}","{""agg"": 0, ""sel"": 5, ""conds"": [[4, 0, ""4 april 2008""]], ""count_star"": false}"
73,1-10935205-1,"The episode titled ""don't stop believin'"" was what highest number of the season?","SELECT MAX(col0) FROM table WHERE col2 = '""Don't Stop Believin'""'",SELECT max(no_in_season) FROM wikisql_data WHERE title = 'don\'t stop believin\'',False,True,True,False,"cond(gold=[[2, 0, 'don']] pred=[[2, 0, 'don\\']])",cond_only,"{""agg"": 1, ""sel"": 0, ""conds"": [[2, 0, ""don""]], ""count_star"": false}","{""agg"": 1, ""sel"": 0, ""conds"": [[2, 0, ""don\\""]], ""count_star"": false}"
74,1-10935205-1,The U.S. airdate of 8 august 2008 also had canadian airdates of what?,SELECT col3 FROM table WHERE col4 = '8 August 2008',SELECT canadian_airdate FROM wikisql_data WHERE us_airdate = '8 august 2008',True,True,True,True,ok,ok,"{""agg"": 0, ""sel"": 3, ""conds"": [[4, 0, ""8 august 2008""]], ""count_star"": false}","{""agg"": 0, ""sel"": 3, ""conds"": [[4, 0, ""8 august 2008""]], ""count_star"": false}"
75,1-10935205-1,The canadian airdate of 17 march 2008 had how many numbers in the season?,SELECT COUNT(col0) FROM table WHERE col3 = '17 March 2008',SELECT COUNT(*) FROM wikisql_data WHERE canadian_airdate = '17 march 2008',True,True,True,True,ok,ok,"{""agg"": 3, ""sel"": 0, ""conds"": [[3, 0, ""17 march 2008""]], ""count_star"": false}","{""agg"": 3, ""sel"": -999, ""conds"": [[3, 0, ""17 march 2008""]], ""count_star"": true}"
76,1-10935205-1,"For the episode(s) aired in the U.S. on 4 april 2008, what were the names?",SELECT col2 FROM table WHERE col4 = '4 April 2008',SELECT title FROM wikisql_data WHERE us_airdate = '4 april 2008',True,True,True,True,ok,ok,"{""agg"": 0, ""sel"": 2, ""conds"": [[4, 0, ""4 april 2008""]], ""count_star"": false}","{""agg"": 0, ""sel"": 2, ""conds"": [[4, 0, ""4 april 2008""]], ""count_star"": false}"
77,1-10953197-5,"Who directed the episode ""Great Sexpectations (2)""?","SELECT col3 FROM table WHERE col2 = '""Great Sexpectations (2)""'",SELECT director FROM wikisql_data WHERE title = 'Great Sexpectations (2)',True,True,True,True,ok,ok,"{""agg"": 0, ""sel"": 3, ""conds"": [[2, 0, ""great sexpectations (2)""]], ""count_star"": false}","{""agg"": 0, ""sel"": 3, ""conds"": [[2, 0, ""great sexpectations (2)""]], ""count_star"": false}"
78,1-10975034-2,Which player from the 2004 CFL draft attended Wilfrid Laurier?,SELECT col2 FROM table WHERE col4 = 'Wilfrid Laurier',SELECT player FROM wikisql_data WHERE pick = '2004' AND college = 'Wilfrid Laurier',False,True,True,False,"cond(gold=[[4, 0, 'wilfrid laurier']] pred=[[0, 0, 2004]])",cond_only,"{""agg"": 0, ""sel"": 2, ""conds"": [[4, 0, ""wilfrid laurier""]], ""count_star"": false}","{""agg"": 0, ""sel"": 2, ""conds"": [[0, 0, 2004]], ""count_star"": false}"
79,1-10975034-2,What position does Christian Leibl-Cote play?,SELECT col3 FROM table WHERE col2 = 'Christian Leibl-Cote',SELECT position FROM wikisql_data WHERE player = 'Christian Leibl-Cote',True,True,True,True,ok,ok,"{""agg"": 0, ""sel"": 3, ""conds"": [[2, 0, ""christian leibl-cote""]], ""count_star"": false}","{""agg"": 0, ""sel"": 3, ""conds"": [[2, 0, ""christian leibl-cote""]], ""count_star"": false}"
80,1-10975034-2,What is the pick number for Northwestern college?,SELECT MAX(col0) FROM table WHERE col4 = 'Northwestern',SELECT pick FROM wikisql_data WHERE college = 'Northwestern',False,False,True,True,agg(gold=MAX pred=NONE),agg_only,"{""agg"": 1, ""sel"": 0, ""conds"": [[4, 0, ""northwestern""]], ""count_star"": false}","{""agg"": 0, ""sel"": 0, ""conds"": [[4, 0, ""northwestern""]], ""count_star"": false}"
81,1-10992-3,How many foreigners in percentage terms had a population of 4.911?,SELECT COUNT(col5) FROM table WHERE col3 = '4.911',SELECT foreign_nationals_in FROM wikisql_data WHERE population = 4.911,False,False,True,True,agg(gold=COUNT pred=NONE),agg_only,"{""agg"": 3, ""sel"": 5, ""conds"": [[3, 0, 4.911]], ""count_star"": false}","{""agg"": 0, ""sel"": 5, ""conds"": [[3, 0, 4.911]], ""count_star"": false}"
82,1-10992-3,What is the number of the city district of stadtteil where foreigners are 5.162?,SELECT COUNT(col1) FROM table WHERE col4 = '5.162',SELECT no_col FROM wikisql_data WHERE foreign_nationals = 5.162,False,False,False,True,agg(gold=COUNT pred=NONE) | sel(gold=1=City district (Stadtteil) pred=0=No),agg+sel,"{""agg"": 3, ""sel"": 1, ""conds"": [[4, 0, 5.162]], ""count_star"": false}","{""agg"": 0, ""sel"": 0, ""conds"": [[4, 0, 5.162]], ""count_star"": false}"
83,1-10992-3,What is the city where the number is 47?,SELECT col1 FROM table WHERE col0 = '47',SELECT city_district_stadtteil FROM wikisql_data WHERE no_col = 47,True,True,True,True,ok,ok,"{""agg"": 0, ""sel"": 1, ""conds"": [[0, 0, 47]], ""count_star"": false}","{""agg"": 0, ""sel"": 1, ""conds"": [[0, 0, 47]], ""count_star"": false}"
84,1-11044765-1,Which leagues have Raiders as their mascot?,SELECT col3 FROM table WHERE col1 = 'Raiders',SELECT league FROM wikisql_data WHERE mascot = 'raiders',True,True,True,True,ok,ok,"{""agg"": 0, ""sel"": 3, ""conds"": [[1, 0, ""raiders""]], ""count_star"": false}","{""agg"": 0, ""sel"": 3, ""conds"": [[1, 0, ""raiders""]], ""count_star"": false}"
85,1-11044765-1,Which leagues is the Galena school in?,SELECT col3 FROM table WHERE col0 = 'Galena',SELECT league FROM wikisql_data WHERE school = 'Galena',True,True,True,True,ok,ok,"{""agg"": 0, ""sel"": 3, ""conds"": [[0, 0, ""galena""]], ""count_star"": false}","{""agg"": 0, ""sel"": 3, ""conds"": [[0, 0, ""galena""]], ""count_star"": false}"
86,1-11044765-1,What city and state is the Lancers mascot located?,SELECT col2 FROM table WHERE col1 = 'Lancers',SELECT location FROM wikisql_data WHERE mascot = 'lancers',True,True,True,True,ok,ok,"{""agg"": 0, ""sel"": 2, ""conds"": [[1, 0, ""lancers""]], ""count_star"": false}","{""agg"": 0, ""sel"": 2, ""conds"": [[1, 0, ""lancers""]], ""count_star"": false}"
87,1-11044765-1,What city and state are the miners located in?,SELECT col2 FROM table WHERE col1 = 'Miners',SELECT location FROM wikisql_data,False,True,True,False,"cond(gold=[[1, 0, 'miners']] pred=[])",cond_only,"{""agg"": 0, ""sel"": 2, ""conds"": [[1, 0, ""miners""]], ""count_star"": false}","{""agg"": 0, ""sel"": 2, ""conds"": [], ""count_star"": false}"
88,1-11044765-1,Which school has the Raiders as their mascot?,SELECT col0 FROM table WHERE col1 = 'Raiders',SELECT school FROM wikisql_data WHERE mascot = 'raiders',True,True,True,True,ok,ok,"{""agg"": 0, ""sel"": 0, ""conds"": [[1, 0, ""raiders""]], ""count_star"": false}","{""agg"": 0, ""sel"": 0, ""conds"": [[1, 0, ""raiders""]], ""count_star"": false}"
89,1-1121352-2,"Where was the tournament dated nov 3, 2002?","SELECT col2 FROM table WHERE col1 = 'Nov 3, 2002'","SELECT tournament FROM wikisql_data WHERE date = 'nov 3, 2002'",True,True,True,True,ok,ok,"{""agg"": 0, ""sel"": 2, ""conds"": [[1, 0, ""nov 3, 2002""]], ""count_star"": false}","{""agg"": 0, ""sel"": 2, ""conds"": [[1, 0, ""nov 3, 2002""]], ""count_star"": false}"
90,1-1121352-2,"Where is the margin of victory dated mar 28, 2004?","SELECT col5 FROM table WHERE col1 = 'Mar 28, 2004'","SELECT tournament FROM wikisql_data WHERE margin_of_victory = (SELECT MAX(margin_of_victory) FROM wikisql_data WHERE date = 'mar 28, 2004') AND date = 'mar 28, 2004'",False,False,True,False,"agg(gold=NONE pred=MAX) | cond(gold=[[1, 0, 'mar 28, 2004']] pred=[[5, 0, '(select']])",agg+cond,"{""agg"": 0, ""sel"": 5, ""conds"": [[1, 0, ""mar 28, 2004""]], ""count_star"": false}","{""agg"": 1, ""sel"": 5, ""conds"": [[5, 0, ""(select""]], ""count_star"": false}"
91,1-1121352-2,"What is the to par dated may 4, 2003?","SELECT col4 FROM table WHERE col1 = 'May 4, 2003'","SELECT to_par FROM wikisql_data WHERE date = 'may 4, 2003'",True,True,True,True,ok,ok,"{""agg"": 0, ""sel"": 4, ""conds"": [[1, 0, ""may 4, 2003""]], ""count_star"": false}","{""agg"": 0, ""sel"": 4, ""conds"": [[1, 0, ""may 4, 2003""]], ""count_star"": false}"
92,1-1121352-2,What date were the runner ups pat hurst juli inkster?,SELECT col1 FROM table WHERE col6 = 'Pat Hurst Juli Inkster',SELECT date FROM wikisql_data WHERE runner_s_up = 'pat hurst juli inkster',True,True,True,True,ok,ok,"{""agg"": 0, ""sel"": 1, ""conds"": [[6, 0, ""pat hurst juli inkster""]], ""count_star"": false}","{""agg"": 0, ""sel"": 1, ""conds"": [[6, 0, ""pat hurst juli inkster""]], ""count_star"": false}"
93,1-11210576-4,what's the total number of final epbeingode count with character being rick stetler,SELECT COUNT(col6) FROM table WHERE col0 = 'Rick Stetler',SELECT SUM(final_episode_count) FROM wikisql_data WHERE character = 'rick stetler',False,False,True,True,agg(gold=COUNT pred=SUM),agg_only,"{""agg"": 3, ""sel"": 6, ""conds"": [[0, 0, ""rick stetler""]], ""count_star"": false}","{""agg"": 4, ""sel"": 6, ""conds"": [[0, 0, ""rick stetler""]], ""count_star"": false}"
94,1-11210576-4,"what are all the actor where first episode is ""ambush""","SELECT col2 FROM table WHERE col3 = '""Ambush""'","SELECT actor FROM wikisql_data WHERE first_episode = ""ambush""",True,True,True,True,ok,ok,"{""agg"": 0, ""sel"": 2, ""conds"": [[3, 0, ""ambush""]], ""count_star"": false}","{""agg"": 0, ""sel"": 2, ""conds"": [[3, 0, ""ambush""]], ""count_star"": false}"
95,1-11210576-4,what's the character with fate being deceased: knife wound,SELECT col0 FROM table WHERE col1 = 'Deceased: Knife Wound',SELECT character FROM wikisql_data WHERE fate = 'deceased: knife wound',True,True,True,True,ok,ok,"{""agg"": 0, ""sel"": 0, ""conds"": [[1, 0, ""deceased: knife wound""]], ""count_star"": false}","{""agg"": 0, ""sel"": 0, ""conds"": [[1, 0, ""deceased: knife wound""]], ""count_star"": false}"
96,1-11210576-4,"what's the total number of final epbeingode count with first epbeingode being ""l.a.""","SELECT COUNT(col6) FROM table WHERE col3 = '""L.A.""'","SELECT SUM(final_episode_count) FROM wikisql_data WHERE first_episode = ""l.a.""",False,False,True,True,agg(gold=COUNT pred=SUM),agg_only,"{""agg"": 3, ""sel"": 6, ""conds"": [[3, 0, ""l.a.""]], ""count_star"": false}","{""agg"": 4, ""sel"": 6, ""conds"": [[3, 0, ""l.a.""]], ""count_star"": false}"
97,1-11210576-4,what's the actor with character being judge joseph ratner,SELECT col2 FROM table WHERE col0 = 'Judge Joseph Ratner',SELECT actor FROM wikisql_data WHERE character = 'judge joseph ratner',True,True,True,True,ok,ok,"{""agg"": 0, ""sel"": 2, ""conds"": [[0, 0, ""judge joseph ratner""]], ""count_star"": false}","{""agg"": 0, ""sel"": 2, ""conds"": [[0, 0, ""judge joseph ratner""]], ""count_star"": false}"
98,1-11210576-4,"what's the first epbeingode with final epbeingode being ""rio""","SELECT col3 FROM table WHERE col4 = '""Rio""'","SELECT first_episode FROM wikisql_data WHERE final_episode = ""rio""",True,True,True,True,ok,ok,"{""agg"": 0, ""sel"": 3, ""conds"": [[4, 0, ""rio""]], ""count_star"": false}","{""agg"": 0, ""sel"": 3, ""conds"": [[4, 0, ""rio""]], ""count_star"": false}"
